{"cameraMode":{"drawMode":0,"name":"Shaded","section":"Shading Mode"},"sceneLighting":true,"audioPlay":false,"sceneViewState":{"m_AlwaysRefresh":false,"showFog":true,"showSkybox":true,"showFlares":true,"showImageEffects":true,"showParticleSystems":true,"showVisualEffectGraphs":true,"m_FxEnabled":true},"in2DMode":false,"pivot":{"x":-2.563826560974121,"y":0.17485103011131288,"z":33.766639709472659},"rotation":{"x":-0.16595621407032014,"y":-0.12067144364118576,"z":0.02049301750957966,"w":-0.9785398840904236},"size":2.9144086837768556,"orthographic":false}